INSERT INTO user (user_id, first_name, last_name, email, password_hashed, phone_number, country, city, user_role) VALUES ('b9f6cc04-e9eb-4192-9252-d5b1f0a0d8db', 'First0', 'Last0', 'user0@example.com', 'hashed_password_0', '1234567890', 'Country0', 'City0', 'guest');
INSERT INTO user (user_id, first_name, last_name, email, password_hashed, phone_number, country, city, user_role) VALUES ('1a6352a8-21bc-4240-91d5-82d69a34524b', 'First1', 'Last1', 'user1@example.com', 'hashed_password_1', '1234567890', 'Country1', 'City1', 'guest');
INSERT INTO user (user_id, first_name, last_name, email, password_hashed, phone_number, country, city, user_role) VALUES ('406100a9-3ea4-441f-a8c7-613c0e10663e', 'First2', 'Last2', 'user2@example.com', 'hashed_password_2', '1234567890', 'Country2', 'City2', 'guest');
INSERT INTO user (user_id, first_name, last_name, email, password_hashed, phone_number, country, city, user_role) VALUES ('ae351d02-c1c7-450c-afbc-62311bc1c164', 'First3', 'Last3', 'user3@example.com', 'hashed_password_3', '1234567890', 'Country3', 'City3', 'admin');
INSERT INTO user (user_id, first_name, last_name, email, password_hashed, phone_number, country, city, user_role) VALUES ('f005f724-3db1-4057-9dd8-3b07a6cc905b', 'First4', 'Last4', 'user4@example.com', 'hashed_password_4', '1234567890', 'Country4', 'City4', 'guest');
INSERT INTO user (user_id, first_name, last_name, email, password_hashed, phone_number, country, city, user_role) VALUES ('9101db19-2e8a-4b1d-a1c6-e828947b3ace', 'First5', 'Last5', 'user5@example.com', 'hashed_password_5', '1234567890', 'Country5', 'City5', 'host');
INSERT INTO user (user_id, first_name, last_name, email, password_hashed, phone_number, country, city, user_role) VALUES ('af717f91-3c61-40e9-9e3b-9223aad0d4c3', 'First6', 'Last6', 'user6@example.com', 'hashed_password_6', '1234567890', 'Country6', 'City6', 'host');
INSERT INTO user (user_id, first_name, last_name, email, password_hashed, phone_number, country, city, user_role) VALUES ('d42887d6-24d0-404a-b65d-6e543353d331', 'First7', 'Last7', 'user7@example.com', 'hashed_password_7', '1234567890', 'Country7', 'City7', 'guest');
INSERT INTO user (user_id, first_name, last_name, email, password_hashed, phone_number, country, city, user_role) VALUES ('fc672286-e8b6-488e-975b-ee77535db6df', 'First8', 'Last8', 'user8@example.com', 'hashed_password_8', '1234567890', 'Country8', 'City8', 'host');
INSERT INTO user (user_id, first_name, last_name, email, password_hashed, phone_number, country, city, user_role) VALUES ('a8e40c13-bcdd-4101-800a-a24faab7e6f4', 'First9', 'Last9', 'user9@example.com', 'hashed_password_9', '1234567890', 'Country9', 'City9', 'admin');
INSERT INTO user (user_id, first_name, last_name, email, password_hashed, phone_number, country, city, user_role) VALUES ('691a05fc-2b71-478a-b594-c95c9435a711', 'First10', 'Last10', 'user10@example.com', 'hashed_password_10', '1234567890', 'Country10', 'City10', 'admin');
INSERT INTO user (user_id, first_name, last_name, email, password_hashed, phone_number, country, city, user_role) VALUES ('7eef8c83-1237-41af-954f-1aad1f98129e', 'First11', 'Last11', 'user11@example.com', 'hashed_password_11', '1234567890', 'Country11', 'City11', 'guest');
INSERT INTO user (user_id, first_name, last_name, email, password_hashed, phone_number, country, city, user_role) VALUES ('fa41c9e7-7abc-4833-83ac-5df2294d52d7', 'First12', 'Last12', 'user12@example.com', 'hashed_password_12', '1234567890', 'Country12', 'City12', 'host');
INSERT INTO user (user_id, first_name, last_name, email, password_hashed, phone_number, country, city, user_role) VALUES ('9e3718df-8c32-4330-b125-6202f512279a', 'First13', 'Last13', 'user13@example.com', 'hashed_password_13', '1234567890', 'Country13', 'City13', 'guest');
INSERT INTO user (user_id, first_name, last_name, email, password_hashed, phone_number, country, city, user_role) VALUES ('3e55d1ea-5a30-47ed-afb7-994392f5fdcd', 'First14', 'Last14', 'user14@example.com', 'hashed_password_14', '1234567890', 'Country14', 'City14', 'guest');
INSERT INTO user (user_id, first_name, last_name, email, password_hashed, phone_number, country, city, user_role) VALUES ('5e864409-79d4-49b4-9295-0e7fd8956ca6', 'First15', 'Last15', 'user15@example.com', 'hashed_password_15', '1234567890', 'Country15', 'City15', 'guest');
INSERT INTO user (user_id, first_name, last_name, email, password_hashed, phone_number, country, city, user_role) VALUES ('8429bea7-8b60-4c42-b9c3-bb2063173844', 'First16', 'Last16', 'user16@example.com', 'hashed_password_16', '1234567890', 'Country16', 'City16', 'admin');
INSERT INTO user (user_id, first_name, last_name, email, password_hashed, phone_number, country, city, user_role) VALUES ('ec8c3a5f-e54b-44cd-9286-cdf36af3ee0b', 'First17', 'Last17', 'user17@example.com', 'hashed_password_17', '1234567890', 'Country17', 'City17', 'host');
INSERT INTO user (user_id, first_name, last_name, email, password_hashed, phone_number, country, city, user_role) VALUES ('bb5006ac-a776-4c7a-b0dd-72009afd3dd0', 'First18', 'Last18', 'user18@example.com', 'hashed_password_18', '1234567890', 'Country18', 'City18', 'host');
INSERT INTO user (user_id, first_name, last_name, email, password_hashed, phone_number, country, city, user_role) VALUES ('bbdf3296-9bea-4e05-b921-1dec2eb436b4', 'First19', 'Last19', 'user19@example.com', 'hashed_password_19', '1234567890', 'Country19', 'City19', 'guest');
INSERT INTO property (property_id, host_id, name, description, location, price_per_night, property_type, created_at, updated_at) VALUES ('82ed7134-6140-4631-8cb2-b387db2beac9', 'd42887d6-24d0-404a-b65d-6e543353d331', 'Property 0', 'Description of property 0', 'Location 0', 250.25, 'service', CURRENT_TIMESTAMP, CURRENT_TIMESTAMP);
INSERT INTO property (property_id, host_id, name, description, location, price_per_night, property_type, created_at, updated_at) VALUES ('739fb3a0-4414-466f-ae83-4ce0778088fd', 'fc672286-e8b6-488e-975b-ee77535db6df', 'Property 1', 'Description of property 1', 'Location 1', 368.14, 'experience', CURRENT_TIMESTAMP, CURRENT_TIMESTAMP);
INSERT INTO property (property_id, host_id, name, description, location, price_per_night, property_type, created_at, updated_at) VALUES ('a308a006-29b3-4a5f-b348-a60c5aea8b86', 'f005f724-3db1-4057-9dd8-3b07a6cc905b', 'Property 2', 'Description of property 2', 'Location 2', 433.77, 'service', CURRENT_TIMESTAMP, CURRENT_TIMESTAMP);
INSERT INTO property (property_id, host_id, name, description, location, price_per_night, property_type, created_at, updated_at) VALUES ('1f18d5e7-c9ee-4932-9da4-f08d49b671cd', 'd42887d6-24d0-404a-b65d-6e543353d331', 'Property 3', 'Description of property 3', 'Location 3', 447.97, 'house', CURRENT_TIMESTAMP, CURRENT_TIMESTAMP);
INSERT INTO property (property_id, host_id, name, description, location, price_per_night, property_type, created_at, updated_at) VALUES ('aeeb45a0-10d9-4a46-b15f-f2f88f64bdb5', '7eef8c83-1237-41af-954f-1aad1f98129e', 'Property 4', 'Description of property 4', 'Location 4', 247.68, 'experience', CURRENT_TIMESTAMP, CURRENT_TIMESTAMP);
INSERT INTO property (property_id, host_id, name, description, location, price_per_night, property_type, created_at, updated_at) VALUES ('e58dd885-2498-4069-92cb-c9ff1f9981ef', 'fc672286-e8b6-488e-975b-ee77535db6df', 'Property 5', 'Description of property 5', 'Location 5', 369.44, 'house', CURRENT_TIMESTAMP, CURRENT_TIMESTAMP);
INSERT INTO property (property_id, host_id, name, description, location, price_per_night, property_type, created_at, updated_at) VALUES ('ea7a2917-78dd-4222-a948-94b7806bf671', '9e3718df-8c32-4330-b125-6202f512279a', 'Property 6', 'Description of property 6', 'Location 6', 274.34, 'experience', CURRENT_TIMESTAMP, CURRENT_TIMESTAMP);
INSERT INTO property (property_id, host_id, name, description, location, price_per_night, property_type, created_at, updated_at) VALUES ('4a8de093-8886-4acf-b1f3-c43a7ad191e1', '9e3718df-8c32-4330-b125-6202f512279a', 'Property 7', 'Description of property 7', 'Location 7', 400.97, 'house', CURRENT_TIMESTAMP, CURRENT_TIMESTAMP);
INSERT INTO property (property_id, host_id, name, description, location, price_per_night, property_type, created_at, updated_at) VALUES ('79d5b569-345b-417b-9011-6e7090051088', '1a6352a8-21bc-4240-91d5-82d69a34524b', 'Property 8', 'Description of property 8', 'Location 8', 380.58, 'house', CURRENT_TIMESTAMP, CURRENT_TIMESTAMP);
INSERT INTO property (property_id, host_id, name, description, location, price_per_night, property_type, created_at, updated_at) VALUES ('83611cba-3a0c-4dd5-bfcd-8eb3a19ea81b', '1a6352a8-21bc-4240-91d5-82d69a34524b', 'Property 9', 'Description of property 9', 'Location 9', 137.17, 'experience', CURRENT_TIMESTAMP, CURRENT_TIMESTAMP);
INSERT INTO property (property_id, host_id, name, description, location, price_per_night, property_type, created_at, updated_at) VALUES ('3dbeb1c4-0227-4647-973a-bb7c839a9218', 'a8e40c13-bcdd-4101-800a-a24faab7e6f4', 'Property 10', 'Description of property 10', 'Location 10', 89.39, 'service', CURRENT_TIMESTAMP, CURRENT_TIMESTAMP);
INSERT INTO property (property_id, host_id, name, description, location, price_per_night, property_type, created_at, updated_at) VALUES ('d051d09e-ed14-49d2-b4ff-42f41b4f914c', '9e3718df-8c32-4330-b125-6202f512279a', 'Property 11', 'Description of property 11', 'Location 11', 404.25, 'house', CURRENT_TIMESTAMP, CURRENT_TIMESTAMP);
INSERT INTO property (property_id, host_id, name, description, location, price_per_night, property_type, created_at, updated_at) VALUES ('bb72be4c-1737-4d53-8435-39341cb5daa6', 'fc672286-e8b6-488e-975b-ee77535db6df', 'Property 12', 'Description of property 12', 'Location 12', 311.79, 'experience', CURRENT_TIMESTAMP, CURRENT_TIMESTAMP);
INSERT INTO property (property_id, host_id, name, description, location, price_per_night, property_type, created_at, updated_at) VALUES ('bddea10f-b123-4cb5-9e0f-7bc727ba541e', 'ec8c3a5f-e54b-44cd-9286-cdf36af3ee0b', 'Property 13', 'Description of property 13', 'Location 13', 113.2, 'experience', CURRENT_TIMESTAMP, CURRENT_TIMESTAMP);
INSERT INTO property (property_id, host_id, name, description, location, price_per_night, property_type, created_at, updated_at) VALUES ('7d72d067-b672-4a1d-aabd-5349246ef607', 'd42887d6-24d0-404a-b65d-6e543353d331', 'Property 14', 'Description of property 14', 'Location 14', 363.7, 'experience', CURRENT_TIMESTAMP, CURRENT_TIMESTAMP);
INSERT INTO property (property_id, host_id, name, description, location, price_per_night, property_type, created_at, updated_at) VALUES ('645ce96a-115f-4dea-8c79-4ac3fff9c50a', '1a6352a8-21bc-4240-91d5-82d69a34524b', 'Property 15', 'Description of property 15', 'Location 15', 142.25, 'service', CURRENT_TIMESTAMP, CURRENT_TIMESTAMP);
INSERT INTO property (property_id, host_id, name, description, location, price_per_night, property_type, created_at, updated_at) VALUES ('8255b1f6-dc0d-4234-9762-fd034ff417e9', '5e864409-79d4-49b4-9295-0e7fd8956ca6', 'Property 16', 'Description of property 16', 'Location 16', 396.22, 'service', CURRENT_TIMESTAMP, CURRENT_TIMESTAMP);
INSERT INTO property (property_id, host_id, name, description, location, price_per_night, property_type, created_at, updated_at) VALUES ('4f9705ea-75c8-4071-b2f1-fa6e5880c128', 'f005f724-3db1-4057-9dd8-3b07a6cc905b', 'Property 17', 'Description of property 17', 'Location 17', 92.85, 'service', CURRENT_TIMESTAMP, CURRENT_TIMESTAMP);
INSERT INTO property (property_id, host_id, name, description, location, price_per_night, property_type, created_at, updated_at) VALUES ('0c62f606-5af5-4a8c-891d-ee14467250dd', '7eef8c83-1237-41af-954f-1aad1f98129e', 'Property 18', 'Description of property 18', 'Location 18', 182.56, 'house', CURRENT_TIMESTAMP, CURRENT_TIMESTAMP);
INSERT INTO property (property_id, host_id, name, description, location, price_per_night, property_type, created_at, updated_at) VALUES ('edd17e29-bc21-43a2-aaf8-bc710d8da107', 'fc672286-e8b6-488e-975b-ee77535db6df', 'Property 19', 'Description of property 19', 'Location 19', 186.38, 'experience', CURRENT_TIMESTAMP, CURRENT_TIMESTAMP);
INSERT INTO booking (booking_id, property_id, guest_id, check_in, check_out, total_price, status, created_at, updated_at) VALUES ('1097cb1e-a244-4839-b6fc-e1bd86cc95d5', '3dbeb1c4-0227-4647-973a-bb7c839a9218', 'a8e40c13-bcdd-4101-800a-a24faab7e6f4', '2025-07-19T12:23:01.863726', '2025-07-22T12:23:01.863726', 598.76, 'confirmed', CURRENT_TIMESTAMP, CURRENT_TIMESTAMP);
INSERT INTO booking (booking_id, property_id, guest_id, check_in, check_out, total_price, status, created_at, updated_at) VALUES ('552d320f-0f33-425f-a71f-6c61983f00b3', '0c62f606-5af5-4a8c-891d-ee14467250dd', 'ae351d02-c1c7-450c-afbc-62311bc1c164', '2025-07-10T12:23:01.863792', '2025-07-14T12:23:01.863792', 340.8, 'confirmed', CURRENT_TIMESTAMP, CURRENT_TIMESTAMP);
INSERT INTO booking (booking_id, property_id, guest_id, check_in, check_out, total_price, status, created_at, updated_at) VALUES ('56a32614-8ae4-4876-908c-72f2c2898d26', 'a308a006-29b3-4a5f-b348-a60c5aea8b86', 'bbdf3296-9bea-4e05-b921-1dec2eb436b4', '2025-07-10T12:23:01.863841', '2025-07-13T12:23:01.863841', 1274.85, 'cancelled', CURRENT_TIMESTAMP, CURRENT_TIMESTAMP);
INSERT INTO booking (booking_id, property_id, guest_id, check_in, check_out, total_price, status, created_at, updated_at) VALUES ('7b0f2907-c1d7-4d8e-ab4d-6fad10b58f84', '1f18d5e7-c9ee-4932-9da4-f08d49b671cd', 'd42887d6-24d0-404a-b65d-6e543353d331', '2025-07-02T12:23:01.863877', '2025-07-08T12:23:01.863877', 777.65, 'pending', CURRENT_TIMESTAMP, CURRENT_TIMESTAMP);
INSERT INTO booking (booking_id, property_id, guest_id, check_in, check_out, total_price, status, created_at, updated_at) VALUES ('25aa0108-6819-4dc8-8a00-4b7379538041', 'edd17e29-bc21-43a2-aaf8-bc710d8da107', 'a8e40c13-bcdd-4101-800a-a24faab7e6f4', '2025-07-25T12:23:01.863917', '2025-07-29T12:23:01.863917', 384.11, 'pending', CURRENT_TIMESTAMP, CURRENT_TIMESTAMP);
INSERT INTO booking (booking_id, property_id, guest_id, check_in, check_out, total_price, status, created_at, updated_at) VALUES ('af7f06eb-c0e7-4f5a-858e-a3f0ef4040a9', 'a308a006-29b3-4a5f-b348-a60c5aea8b86', 'd42887d6-24d0-404a-b65d-6e543353d331', '2025-07-16T12:23:01.863953', '2025-07-17T12:23:01.863953', 280.38, 'pending', CURRENT_TIMESTAMP, CURRENT_TIMESTAMP);
INSERT INTO booking (booking_id, property_id, guest_id, check_in, check_out, total_price, status, created_at, updated_at) VALUES ('9472785f-3ff2-4a3c-96eb-ebdf38e35946', '1f18d5e7-c9ee-4932-9da4-f08d49b671cd', '3e55d1ea-5a30-47ed-afb7-994392f5fdcd', '2025-07-09T12:23:01.863989', '2025-07-10T12:23:01.863989', 1382.65, 'cancelled', CURRENT_TIMESTAMP, CURRENT_TIMESTAMP);
INSERT INTO booking (booking_id, property_id, guest_id, check_in, check_out, total_price, status, created_at, updated_at) VALUES ('e8f98f23-ed89-4485-af08-c404b67a8964', '83611cba-3a0c-4dd5-bfcd-8eb3a19ea81b', 'ae351d02-c1c7-450c-afbc-62311bc1c164', '2025-07-06T12:23:01.864028', '2025-07-10T12:23:01.864028', 1187.9, 'pending', CURRENT_TIMESTAMP, CURRENT_TIMESTAMP);
INSERT INTO booking (booking_id, property_id, guest_id, check_in, check_out, total_price, status, created_at, updated_at) VALUES ('4774d300-d374-411f-9a68-f160294624ee', '645ce96a-115f-4dea-8c79-4ac3fff9c50a', 'fc672286-e8b6-488e-975b-ee77535db6df', '2025-07-28T12:23:01.864070', '2025-08-04T12:23:01.864070', 1347.82, 'confirmed', CURRENT_TIMESTAMP, CURRENT_TIMESTAMP);
INSERT INTO booking (booking_id, property_id, guest_id, check_in, check_out, total_price, status, created_at, updated_at) VALUES ('21f5e228-8f4d-46bf-9e35-b191ff38b494', '82ed7134-6140-4631-8cb2-b387db2beac9', '3e55d1ea-5a30-47ed-afb7-994392f5fdcd', '2025-07-13T12:23:01.864103', '2025-07-18T12:23:01.864103', 444.39, 'cancelled', CURRENT_TIMESTAMP, CURRENT_TIMESTAMP);
INSERT INTO booking (booking_id, property_id, guest_id, check_in, check_out, total_price, status, created_at, updated_at) VALUES ('9d2e32f8-50bb-486f-bd87-1cd753478712', '645ce96a-115f-4dea-8c79-4ac3fff9c50a', '1a6352a8-21bc-4240-91d5-82d69a34524b', '2025-07-01T12:23:01.864118', '2025-07-06T12:23:01.864118', 1145.09, 'cancelled', CURRENT_TIMESTAMP, CURRENT_TIMESTAMP);
INSERT INTO booking (booking_id, property_id, guest_id, check_in, check_out, total_price, status, created_at, updated_at) VALUES ('13f8a412-93a7-4866-9b10-d1e35e70ddea', 'd051d09e-ed14-49d2-b4ff-42f41b4f914c', '9101db19-2e8a-4b1d-a1c6-e828947b3ace', '2025-07-04T12:23:01.864132', '2025-07-11T12:23:01.864132', 785.19, 'cancelled', CURRENT_TIMESTAMP, CURRENT_TIMESTAMP);
INSERT INTO booking (booking_id, property_id, guest_id, check_in, check_out, total_price, status, created_at, updated_at) VALUES ('7581332b-b780-4fc1-a6a0-db270aa030ac', '79d5b569-345b-417b-9011-6e7090051088', '3e55d1ea-5a30-47ed-afb7-994392f5fdcd', '2025-07-04T12:23:01.864149', '2025-07-09T12:23:01.864149', 112.48, 'pending', CURRENT_TIMESTAMP, CURRENT_TIMESTAMP);
INSERT INTO booking (booking_id, property_id, guest_id, check_in, check_out, total_price, status, created_at, updated_at) VALUES ('15f8c0f9-12cc-4eea-98f9-6a47295df2f2', 'ea7a2917-78dd-4222-a948-94b7806bf671', '3e55d1ea-5a30-47ed-afb7-994392f5fdcd', '2025-07-14T12:23:01.864163', '2025-07-20T12:23:01.864163', 284.91, 'pending', CURRENT_TIMESTAMP, CURRENT_TIMESTAMP);
INSERT INTO booking (booking_id, property_id, guest_id, check_in, check_out, total_price, status, created_at, updated_at) VALUES ('6d790183-7770-4ebf-9bed-49efa41ce74d', 'ea7a2917-78dd-4222-a948-94b7806bf671', '5e864409-79d4-49b4-9295-0e7fd8956ca6', '2025-07-03T12:23:01.864178', '2025-07-10T12:23:01.864178', 555.45, 'pending', CURRENT_TIMESTAMP, CURRENT_TIMESTAMP);
INSERT INTO booking (booking_id, property_id, guest_id, check_in, check_out, total_price, status, created_at, updated_at) VALUES ('d7d91b33-ebc5-4eda-952e-ab509eb380f4', 'aeeb45a0-10d9-4a46-b15f-f2f88f64bdb5', 'ae351d02-c1c7-450c-afbc-62311bc1c164', '2025-07-25T12:23:01.864192', '2025-07-28T12:23:01.864192', 748.45, 'cancelled', CURRENT_TIMESTAMP, CURRENT_TIMESTAMP);
INSERT INTO booking (booking_id, property_id, guest_id, check_in, check_out, total_price, status, created_at, updated_at) VALUES ('5e22059c-b814-407d-aaba-f4ab4c35260e', 'aeeb45a0-10d9-4a46-b15f-f2f88f64bdb5', 'd42887d6-24d0-404a-b65d-6e543353d331', '2025-07-09T12:23:01.864205', '2025-07-11T12:23:01.864205', 1097.71, 'pending', CURRENT_TIMESTAMP, CURRENT_TIMESTAMP);
INSERT INTO booking (booking_id, property_id, guest_id, check_in, check_out, total_price, status, created_at, updated_at) VALUES ('cc0b4a40-9961-48e0-8199-3bd2f2d28e2b', '0c62f606-5af5-4a8c-891d-ee14467250dd', '9e3718df-8c32-4330-b125-6202f512279a', '2025-07-19T12:23:01.864220', '2025-07-25T12:23:01.864220', 1056.47, 'cancelled', CURRENT_TIMESTAMP, CURRENT_TIMESTAMP);
INSERT INTO booking (booking_id, property_id, guest_id, check_in, check_out, total_price, status, created_at, updated_at) VALUES ('b93bb03b-4428-4674-b1d2-bb46acddbf65', 'edd17e29-bc21-43a2-aaf8-bc710d8da107', '406100a9-3ea4-441f-a8c7-613c0e10663e', '2025-07-13T12:23:01.864233', '2025-07-17T12:23:01.864233', 1197.87, 'confirmed', CURRENT_TIMESTAMP, CURRENT_TIMESTAMP);
INSERT INTO booking (booking_id, property_id, guest_id, check_in, check_out, total_price, status, created_at, updated_at) VALUES ('53b8f384-4deb-449a-adde-3b80373b2e0a', 'edd17e29-bc21-43a2-aaf8-bc710d8da107', '1a6352a8-21bc-4240-91d5-82d69a34524b', '2025-07-10T12:23:01.864251', '2025-07-16T12:23:01.864251', 1024.68, 'cancelled', CURRENT_TIMESTAMP, CURRENT_TIMESTAMP);
INSERT INTO payment (payment_id, booking_id, amount, payment_date, payment_method) VALUES ('bef617b6-ce20-46df-915b-a78740e0c98d', 'e8f98f23-ed89-4485-af08-c404b67a8964', 1402.71, CURRENT_TIMESTAMP, 'strip');
INSERT INTO payment (payment_id, booking_id, amount, payment_date, payment_method) VALUES ('0210bf88-b52f-47fb-8c76-5bad9a557a2c', '7581332b-b780-4fc1-a6a0-db270aa030ac', 716.8, CURRENT_TIMESTAMP, 'strip');
INSERT INTO payment (payment_id, booking_id, amount, payment_date, payment_method) VALUES ('fa077d2e-da61-43ea-b139-f06103cfc521', '6d790183-7770-4ebf-9bed-49efa41ce74d', 1352.72, CURRENT_TIMESTAMP, 'paypal');
INSERT INTO payment (payment_id, booking_id, amount, payment_date, payment_method) VALUES ('0ff54d8a-113a-413b-bcac-f3638c9c948e', '21f5e228-8f4d-46bf-9e35-b191ff38b494', 512.83, CURRENT_TIMESTAMP, 'strip');
INSERT INTO payment (payment_id, booking_id, amount, payment_date, payment_method) VALUES ('c90ec18e-e5dc-4bee-8a4d-d0151526eef9', '56a32614-8ae4-4876-908c-72f2c2898d26', 1077.65, CURRENT_TIMESTAMP, 'credit_card');
INSERT INTO payment (payment_id, booking_id, amount, payment_date, payment_method) VALUES ('91592dc3-c9de-4b0b-9451-ad135636ea18', 'b93bb03b-4428-4674-b1d2-bb46acddbf65', 1341.79, CURRENT_TIMESTAMP, 'credit_card');
INSERT INTO payment (payment_id, booking_id, amount, payment_date, payment_method) VALUES ('8e3b07e8-ea83-48e1-abf6-c743af95cf6b', '21f5e228-8f4d-46bf-9e35-b191ff38b494', 140.95, CURRENT_TIMESTAMP, 'paypal');
INSERT INTO payment (payment_id, booking_id, amount, payment_date, payment_method) VALUES ('7689c654-b03a-42e9-9194-27860bc04220', '4774d300-d374-411f-9a68-f160294624ee', 283.78, CURRENT_TIMESTAMP, 'paypal');
INSERT INTO payment (payment_id, booking_id, amount, payment_date, payment_method) VALUES ('60b8fbf5-74b3-4f85-a9e3-94014486c8d8', '5e22059c-b814-407d-aaba-f4ab4c35260e', 985.33, CURRENT_TIMESTAMP, 'credit_card');
INSERT INTO payment (payment_id, booking_id, amount, payment_date, payment_method) VALUES ('78e4728f-5655-49d2-9bda-bd6a2a3d0a4b', '9d2e32f8-50bb-486f-bd87-1cd753478712', 841.52, CURRENT_TIMESTAMP, 'credit_card');
INSERT INTO payment (payment_id, booking_id, amount, payment_date, payment_method) VALUES ('635105b1-68ab-41c9-8132-74c5b81e04d1', '56a32614-8ae4-4876-908c-72f2c2898d26', 1420.77, CURRENT_TIMESTAMP, 'strip');
INSERT INTO payment (payment_id, booking_id, amount, payment_date, payment_method) VALUES ('c93cb171-64db-4801-b225-2383cc58232f', '7581332b-b780-4fc1-a6a0-db270aa030ac', 1023.82, CURRENT_TIMESTAMP, 'strip');
INSERT INTO payment (payment_id, booking_id, amount, payment_date, payment_method) VALUES ('9f405a2b-c4c8-4b4d-94fa-c19abb0fb523', 'b93bb03b-4428-4674-b1d2-bb46acddbf65', 430.26, CURRENT_TIMESTAMP, 'credit_card');
INSERT INTO payment (payment_id, booking_id, amount, payment_date, payment_method) VALUES ('f5635a68-c1eb-4c93-b922-a63167120a1b', '21f5e228-8f4d-46bf-9e35-b191ff38b494', 954.45, CURRENT_TIMESTAMP, 'paypal');
INSERT INTO payment (payment_id, booking_id, amount, payment_date, payment_method) VALUES ('5284d8e4-41a9-46d3-a73d-187b6455c81d', '7b0f2907-c1d7-4d8e-ab4d-6fad10b58f84', 1459.06, CURRENT_TIMESTAMP, 'paypal');
INSERT INTO payment (payment_id, booking_id, amount, payment_date, payment_method) VALUES ('5e7d9d39-6e56-49e9-bf12-81b13236a1a8', 'cc0b4a40-9961-48e0-8199-3bd2f2d28e2b', 1131.76, CURRENT_TIMESTAMP, 'paypal');
INSERT INTO payment (payment_id, booking_id, amount, payment_date, payment_method) VALUES ('60741f33-f816-4962-abbb-97e83c0ab37e', '53b8f384-4deb-449a-adde-3b80373b2e0a', 1449.81, CURRENT_TIMESTAMP, 'paypal');
INSERT INTO payment (payment_id, booking_id, amount, payment_date, payment_method) VALUES ('ecaf9531-3cc0-4f7f-8c79-5960d1335220', '21f5e228-8f4d-46bf-9e35-b191ff38b494', 1221.91, CURRENT_TIMESTAMP, 'strip');
INSERT INTO payment (payment_id, booking_id, amount, payment_date, payment_method) VALUES ('fbe4989b-afce-4106-a5f9-002b56214d0e', 'e8f98f23-ed89-4485-af08-c404b67a8964', 442.33, CURRENT_TIMESTAMP, 'strip');
INSERT INTO payment (payment_id, booking_id, amount, payment_date, payment_method) VALUES ('b544ed81-5f13-4b85-b2b4-a0e072745b37', '552d320f-0f33-425f-a71f-6c61983f00b3', 544.69, CURRENT_TIMESTAMP, 'paypal');